{
  "strength": 32,
  "tokens": [
    2,
    4,
    8,
    16,
    32,
    64,
    127
  ],
  "n": [
    454,
    454,
    454,
    345,
    141,
    117,
    114
  ],
  "n_concepts": [
    12,
    12,
    12,
    12,
    11,
    9,
    9
  ],
  "act": [
    0.5375759944789571,
    0.540451777883931,
    0.5268781060001796,
    0.5381825748297745,
    0.509991021164215,
    0.544198598767894,
    0.5484950723445894
  ],
  "prefill_BmC": [
    -0.07331379503011703,
    -0.01695171929895878,
    -0.10171898454427719,
    -0.008646170608699322,
    0.09550086408853531,
    0.1786612719297409,
    0.2883084714412689
  ],
  "char_endpoint": 0.785
}