{
  "layer": 22,
  "K": 12,
  "concepts": [
    "celebration",
    "ocean",
    "fear",
    "silence",
    "deception",
    "obedience",
    "debugging",
    "security",
    "curiosity",
    "anger",
    "warmth",
    "loneliness"
  ],
  "chance": 0.5,
  "strengths": {
    "0": {
      "n": 417,
      "surface": {
        "bacc": {
          "celebration": 0.4709302325581396,
          "ocean": 0.45451428571428576,
          "fear": 0.4634767025089606,
          "silence": 0.49138392110981116,
          "deception": 0.4148062015503876,
          "obedience": 0.47981912144702843,
          "debugging": 0.5286046511627907,
          "security": 0.46966408268733845,
          "curiosity": 0.4808668076109937,
          "anger": 0.4992729399966572,
          "warmth": 0.46525162337662335,
          "loneliness": 0.44071632881482403
        },
        "mean": 0.4716089082114867,
        "thr95": 0.5827451875575915,
        "null_mean": 0.4952711055632649
      },
      "activation": {
        "bacc": {
          "celebration": 0.5219121447028423,
          "ocean": 0.4920380952380953,
          "fear": 0.4901612903225806,
          "silence": 0.4814808624435901,
          "deception": 0.4445219638242894,
          "obedience": 0.4735917312661499,
          "debugging": 0.5256847545219638,
          "security": 0.4621705426356589,
          "curiosity": 0.4619388135804005,
          "anger": 0.5390773859267926,
          "warmth": 0.5193831168831168,
          "loneliness": 0.45969406790200223
        },
        "mean": 0.48930456410395684,
        "thr95": 0.5823462394119029,
        "null_mean": 0.5044524206789408
      }
    },
    "40": {
      "n": 449,
      "surface": {
        "bacc": {
          "celebration": 0.6211952861952861,
          "ocean": 0.8720300148928859,
          "fear": 0.727718017671917,
          "silence": 0.6242959427207638,
          "deception": 0.7144219977553312,
          "obedience": 0.7574186307519641,
          "debugging": 0.698479703657972,
          "security": 0.7149551066217732,
          "curiosity": 0.6977167859984089,
          "anger": 0.6272495755517826,
          "warmth": 0.751845965770171,
          "loneliness": 0.7755608591885441
        },
        "mean": 0.7152406572314001,
        "thr95": 0.5743890844268729,
        "null_mean": 0.4980893164265745
      },
      "activation": {
        "bacc": {
          "celebration": 0.4783052749719416,
          "ocean": 0.49459273685416427,
          "fear": 0.5327442694327058,
          "silence": 0.5037072394590294,
          "deception": 0.5674130190796858,
          "obedience": 0.6396296296296297,
          "debugging": 0.6662139219015282,
          "security": 0.5630190796857464,
          "curiosity": 0.4879634049323787,
          "anger": 0.49827133816947067,
          "warmth": 0.6033985330073349,
          "loneliness": 0.6137708830548926
        },
        "mean": 0.5540857775148756,
        "thr95": 0.5817096860740414,
        "null_mean": 0.4999835671125314
      },
      "prefill": {
        "celebration": {
          "BmC": 0.19427776336669922,
          "lo": -0.03263089656829834,
          "hi": 0.4318429231643675,
          "n_own": 44,
          "ceiling": 7.150954246520996
        },
        "ocean": {
          "BmC": -0.3646516799926758,
          "lo": -0.8485213279724121,
          "hi": 0.1514681339263912,
          "n_own": 43,
          "ceiling": 6.7278265953063965
        },
        "fear": {
          "BmC": 0.42296504974365234,
          "lo": -0.1281280279159546,
          "hi": 0.9886056900024414,
          "n_own": 38,
          "ceiling": 9.208327293395996
        },
        "silence": {
          "BmC": 0.062305450439453125,
          "lo": -0.25479400157928467,
          "hi": 0.38722553253173825,
          "n_own": 30,
          "ceiling": 5.647722244262695
        },
        "deception": {
          "BmC": -0.2042531967163086,
          "lo": -0.4147514820098877,
          "hi": 0.005910539627075119,
          "n_own": 44,
          "ceiling": 5.547877788543701
        },
        "obedience": {
          "BmC": 0.7643680572509766,
          "lo": 0.45600457191467286,
          "hi": 1.052025556564331,
          "n_own": 44,
          "ceiling": 9.238089561462402
        },
        "debugging": {
          "BmC": 0.6103839874267578,
          "lo": 0.052655029296875,
          "hi": 1.117813301086425,
          "n_own": 31,
          "ceiling": 9.45665454864502
        },
        "security": {
          "BmC": 0.21178722381591797,
          "lo": -0.1609578847885132,
          "hi": 0.6119058132171629,
          "n_own": 44,
          "ceiling": 7.185153961181641
        },
        "curiosity": {
          "BmC": -0.3148536682128906,
          "lo": -1.0145040035247803,
          "hi": 0.4491500616073605,
          "n_own": 30,
          "ceiling": 7.044521331787109
        },
        "anger": {
          "BmC": 0.12413883209228516,
          "lo": -0.2591878414154053,
          "hi": 0.5544049978256224,
          "n_own": 31,
          "ceiling": 9.869603157043457
        },
        "warmth": {
          "BmC": 0.4444131851196289,
          "lo": 0.11668395996093751,
          "hi": 0.7940138816833492,
          "n_own": 40,
          "ceiling": 9.485428810119629
        },
        "loneliness": {
          "BmC": -0.48526573181152344,
          "lo": -1.0445201873779297,
          "hi": 0.13856749534606916,
          "n_own": 30,
          "ceiling": 7.699109077453613
        }
      }
    },
    "60": {
      "n": 435,
      "surface": {
        "bacc": {
          "celebration": 0.7703379953379953,
          "ocean": 0.8343822843822843,
          "fear": 0.910936285936286,
          "silence": 0.8317042606516292,
          "deception": 0.7478493373634039,
          "obedience": 0.8991216863621846,
          "debugging": 0.8161027568922306,
          "security": 0.8324966078697422,
          "curiosity": 0.7298791253565123,
          "anger": 0.6873442989460236,
          "warmth": 0.9481934731934732,
          "loneliness": 0.8162168636218461
        },
        "mean": 0.8187137479928009,
        "thr95": 0.5872345097412967,
        "null_mean": 0.49868994314332915
      },
      "activation": {
        "bacc": {
          "celebration": 0.5608197358197358,
          "ocean": 0.5914724164724164,
          "fear": 0.6753690753690753,
          "silence": 0.6257727652464494,
          "deception": 0.5609800046500814,
          "obedience": 0.6785292238901309,
          "debugging": 0.6346491228070176,
          "security": 0.675599276345545,
          "curiosity": 0.590710308298248,
          "anger": 0.5975806451612904,
          "warmth": 0.680050505050505,
          "loneliness": 0.5833998722452891
        },
        "mean": 0.621244412612982,
        "thr95": 0.5735536336493544,
        "null_mean": 0.4967302608644136
      },
      "prefill": {
        "celebration": {
          "BmC": 0.41681575775146484,
          "lo": 0.14441115856170655,
          "hi": 0.6978794336318963,
          "n_own": 39,
          "ceiling": 9.764171600341797
        },
        "ocean": {
          "BmC": 0.3783607482910156,
          "lo": -0.18249292373657228,
          "hi": 0.9714019775390618,
          "n_own": 39,
          "ceiling": 7.9072065353393555
        },
        "fear": {
          "BmC": 1.530379295349121,
          "lo": 0.9001135110855103,
          "hi": 2.118227910995483,
          "n_own": 39,
          "ceiling": 11.073448181152344
        },
        "silence": {
          "BmC": 0.6966800689697266,
          "lo": 0.3380479097366333,
          "hi": 1.0622435331344602,
          "n_own": 36,
          "ceiling": 7.222288131713867
        },
        "deception": {
          "BmC": -0.042321205139160156,
          "lo": -0.2771109580993652,
          "hi": 0.21288065910339354,
          "n_own": 44,
          "ceiling": 6.609312534332275
        },
        "obedience": {
          "BmC": 1.7114906311035156,