{
  "strength": 32,
  "cut": 8,
  "gate_ok": true,
  "gate": {
    "0": {
      "norm": 32.03611140012923,
      "rel_std": 0.004794576637722938,
      "n": 44
    },
    "1": {
      "norm": 32.04620249543586,
      "rel_std": 0.004777163147141158,
      "n": 31
    },
    "2": {
      "norm": 32.005274144345194,
      "rel_std": 0.004945765325235911,
      "n": 42
    },
    "3": {
      "norm": 31.95369520263582,
      "rel_std": 0.004631725288569861,
      "n": 45
    },
    "4": {
      "norm": 31.92011891801389,
      "rel_std": 0.004903485981297119,
      "n": 31
    },
    "5": {
      "norm": 31.903068141940558,
      "rel_std": 0.004629742606514036,
      "n": 30
    },
    "6": {
      "norm": 32.017443815312326,
      "rel_std": 0.0048080860592011184,
      "n": 42
    },
    "7": {
      "norm": 32.0701551914336,
      "rel_std": 0.0047656560059430786,
      "n": 43
    },
    "8": {
      "norm": 31.99072657405919,
      "rel_std": 0.004778054194235762,
      "n": 30
    },
    "9": {
      "norm": 32.06836327561358,
      "rel_std": 0.006126365020565952,
      "n": 42
    },
    "10": {
      "norm": 32.11018561428846,
      "rel_std": 0.004916183159787821,
      "n": 43
    },
    "11": {
      "norm": 31.9332714875425,
      "rel_std": 0.004669579008092208,
      "n": 31
    }
  },
  "selectivity_stat": -0.1347119888600184,
  "selectivity_p": 0.9746050789842031,
  "diag_row_max": 0,
  "reevoc_pct": {
    "celebration": -0.002858395037103015,
    "ocean": 0.008886053488726078,
    "fear": -0.005342121369023289,
    "silence": 0.012341329947149135,
    "deception": -0.0049267577956912945,
    "obedience": -0.014295515900674599,
    "debugging": 0.0033188954276441723,
    "security": -0.006252499000165043,
    "curiosity": 0.0012745918633644826,
    "anger": 0.004269377806847829,
    "warmth": -0.004851378383804152,
    "loneliness": -0.0055496481336171355
  },
  "reevoc_ci": {
    "celebration": [
      -0.01592260567449542,
      0.01133870204015132
    ],
    "ocean": [
      -0.002563606088531313,
      0.019599117372739533
    ],
    "fear": [
      -0.01707936103814293,
      0.006521940195423824
    ],
    "silence": [
      0.001661549667510397,
      0.022471135833995615
    ],
    "deception": [
      -0.0159951677122082,
      0.006222764607785809
    ],
    "obedience": [
      -0.02277555742335358,
      -0.0056585409864383105
    ],
    "debugging": [
      -0.005703491815831088,
      0.012495405244948684
    ],
    "security": [
      -0.016280412987049672,
      0.0035507549375076853
    ],
    "curiosity": [
      -0.01227532816303753,
      0.014491202571129106
    ],
    "anger": [
      -0.007342885873121292,
      0.01636488933893888
    ],
    "warmth": [
      -0.014720607592470313,
      0.005493089662850436
    ],
    "loneliness": [
      -0.018999177690564657,
      0.008009424161255918
    ]
  },
  "lexical_pct": {
    "celebration": -0.0025022062472999096,
    "ocean": -0.1278478503227234,
    "fear": 0.013013171032071114,
    "silence": -0.07755874842405319,
    "deception": -0.06118026003241539,
    "obedience": 0.04887663200497627,
    "debugging": 0.0011533740907907486,
    "security": 0.0008812146843411028,
    "curiosity": 0.04974088445305824,
    "anger": -0.02931833453476429,
    "warmth": -0.024558546021580696,
    "loneliness": -0.03140493109822273
  },
  "mean_reevoc_pct": -0.0011655055905289025,
  "mean_lexical_pct": -0.020058800034651842,
  "curve_cuts": [
    2,
    4,
    8,
    16
  ],
  "curve_pct": [
    -0.0014012682366839248,
    0.00301755354606508,
    -0.0011655055905288843,
    0.007349689772169105
  ],
  "letter_r2": -0.03459899924573451
}