{
  "qwen2.5-1.5b": {
    "strong": 32,
    "avail": 30,
    "curve": {
      "5": [
        0.5393518518518517,
        0.027229208586500294
      ],
      "8": [
        0.5742582070707071,
        0.021476200021781466
      ],
      "12": [
        0.6048856621773289,
        0.012735744112235482
      ],
      "16": [
        0.6293928872053872,
        0.007162614657035968
      ],
      "20": [
        0.6448758417508417,
        0.012113724838983273
      ],
      "25": [
        0.6603535353535354,
        0.01035948749004288
      ],
      "30": [
        0.6671997755331089,
        0.0034202152768636144
      ]
    },
    "n_to_70": null
  },
  "qwen2.5-3b": {
    "strong": 87,
    "avail": 9,
    "curve": {
      "5": [
        0.6606481481481482,
        0.008544185689296394
      ],
      "8": [
        0.7407933501683502,
        0.022782494251527317
      ]
    },
    "n_to_70": 6.5
  },
  "qwen2.5-7b": {
    "strong": 43,
    "avail": 30,
    "curve": {
      "5": [
        0.5160353535353536,
        0.02978897241593814
      ],
      "8": [
        0.5297769360269361,
        0.03177953460705853
      ],
      "12": [
        0.5259539842873177,
        0.015308971809210297
      ],
      "16": [
        0.5212936658249159,
        0.02799059183527926
      ],
      "20": [
        0.5349852693602694,
        0.025533277726729777
      ],
      "25": [
        0.5269276094276094,
        0.013331146408584245
      ],
      "30": [
        0.5389660493827161,
        0.011461507924319967
      ]
    },
    "n_to_70": null
  }
}