{
  "layer": 28,
  "K": 12,
  "concepts": [
    "celebration",
    "ocean",
    "fear",
    "silence",
    "deception",
    "obedience",
    "debugging",
    "security",
    "curiosity",
    "anger",
    "warmth",
    "loneliness"
  ],
  "chance": 0.5,
  "strengths": {
    "0": {
      "n": 445,
      "surface": {
        "bacc": {
          "celebration": 0.55285140562249,
          "ocean": 0.47972108186428397,
          "fear": 0.5363565529063424,
          "silence": 0.442942525959913,
          "deception": 0.516878258898209,
          "obedience": 0.41961479380834216,
          "debugging": 0.5089839488857721,
          "security": 0.5041767068273092,
          "curiosity": 0.4506157932866457,
          "anger": 0.5320987654320988,
          "warmth": 0.5119678714859439,
          "loneliness": 0.5798004987531172
        },
        "mean": 0.5030006836442057,
        "thr95": 0.5709344557942809,
        "null_mean": 0.4993180895721797
      },
      "activation": {
        "bacc": {
          "celebration": 0.49265060240963854,
          "ocean": 0.47741487563390483,
          "fear": 0.4491195262583762,
          "silence": 0.5158415841584159,
          "deception": 0.5147132169576059,
          "obedience": 0.4813127732482571,
          "debugging": 0.5286972105345177,
          "security": 0.4708433734939758,
          "curiosity": 0.5221444095629074,
          "anger": 0.5097530864197531,
          "warmth": 0.4652208835341366,
          "loneliness": 0.5680061210609839
        },
        "mean": 0.4996431386060394,
        "thr95": 0.5746946426644884,
        "null_mean": 0.4993922586861518
      }
    },
    "40": {
      "n": 408,
      "surface": {
        "bacc": {
          "celebration": 0.586172670488577,
          "ocean": 0.841213258286429,
          "fear": 0.6208346607199745,
          "silence": 0.5949197860962567,
          "deception": 0.6091534391534392,
          "obedience": 0.569650038504321,
          "debugging": 0.7215343915343915,
          "security": 0.6733377659574469,
          "curiosity": 0.5453409771541029,
          "anger": 0.599504132231405,
          "warmth": 0.6325797872340426,
          "loneliness": 0.6535978835978836
        },
        "mean": 0.6373198992465224,
        "thr95": 0.5765370896065102,
        "null_mean": 0.4986069045296719
      },
      "activation": {
        "bacc": {
          "celebration": 0.5598442714126808,
          "ocean": 0.7918699186991869,
          "fear": 0.6013380057343103,
          "silence": 0.5724598930481284,
          "deception": 0.6001058201058201,
          "obedience": 0.4786686061435783,
          "debugging": 0.5437566137566138,
          "security": 0.5123670212765957,
          "curiosity": 0.5237101052451442,
          "anger": 0.5237832874196511,
          "warmth": 0.5656914893617022,
          "loneliness": 0.4864550264550265
        },
        "mean": 0.5633375048882031,
        "thr95": 0.5790916743189471,
        "null_mean": 0.4992457874360686
      },
      "prefill": {
        "celebration": {
          "BmC": -0.17345046997070312,
          "lo": -0.6733890533447265,
          "hi": 0.29536418914794915,
          "n_own": 31,
          "ceiling": 16.15845489501953
        },
        "ocean": {
          "BmC": -0.09461212158203125,
          "lo": -0.4784759521484375,
          "hi": 0.3034569978713982,
          "n_own": 39,
          "ceiling": 6.907792091369629
        },
        "fear": {
          "BmC": 0.2804107666015625,
          "lo": 0.011645770072937012,
          "hi": 0.5511079072952269,
          "n_own": 43,
          "ceiling": 4.283318042755127
        },
        "silence": {
          "BmC": 0.1005697250366211,
          "lo": -0.50880868434906,
          "hi": 0.6787982940673827,
          "n_own": 34,
          "ceiling": 8.544963836669922
        },
        "deception": {
          "BmC": 0.689793586730957,
          "lo": 0.15313241481781006,
          "hi": 1.1634649753570556,
          "n_own": 30,
          "ceiling": 7.031460762023926
        },
        "obedience": {
          "BmC": -0.22330856323242188,
          "lo": -0.7008443355560303,
          "hi": 0.2712678432464598,
          "n_own": 31,
          "ceiling": 6.891610145568848
        },
        "debugging": {
          "BmC": 0.1900043487548828,
          "lo": -0.2899214744567871,
          "hi": 0.6248837471008298,
          "n_own": 30,
          "ceiling": 14.026983261108398
        },
        "security": {
          "BmC": 0.22261714935302734,
          "lo": -0.14948372840881347,
          "hi": 0.5608882188796996,
          "n_own": 32,
          "ceiling": 8.089072227478027
        },
        "curiosity": {
          "BmC": -0.08882904052734375,
          "lo": -0.5435204029083252,
          "hi": 0.3993003368377681,
          "n_own": 31,
          "ceiling": 7.094639778137207
        },
        "anger": {
          "BmC": 0.29784679412841797,
          "lo": 0.0842557430267334,
          "hi": 0.5005566120147704,
          "n_own": 45,
          "ceiling": 2.344374656677246
        },
        "warmth": {
          "BmC": -0.1991748809814453,
          "lo": -0.5756909370422363,
          "hi": 0.17373402118682843,
          "n_own": 32,
          "ceiling": 10.335981369018555
        },
        "loneliness": {
          "BmC": -0.32785606384277344,
          "lo": -0.7333233118057251,
          "hi": 0.09745318889617904,
          "n_own": 30,
          "ceiling": 8.1658935546875
        }
      }
    },
    "60": {
      "n": 422,
      "surface": {
        "bacc": {
          "celebration": 0.810977564102564,
          "ocean": 0.8441877732860326,
          "fear": 0.7578665126639716,
          "silence": 0.6893108974358975,
          "deception": 0.7438471177944862,
          "obedience": 0.7869167869167868,
          "debugging": 0.8866281866281864,
          "security": 0.775,
          "curiosity": 0.7257894736842105,
          "anger": 0.7847448979591837,
          "warmth": 0.7653081428925006,
          "loneliness": 0.6934328850754888
        },
        "mean": 0.7720008532032757,
        "thr95": 0.5860244494482981,
        "null_mean": 0.5044881340996333
      },
      "activation": {
        "bacc": {
          "celebration": 0.5901121794871794,
          "ocean": 0.7327613233231581,
          "fear": 0.5916756043230756,
          "silence": 0.5958173076923078,
          "deception": 0.5089097744360902,
          "obedience": 0.5709235209235209,
          "debugging": 0.5554353054353054,
          "security": 0.5949198717948717,
          "curiosity": 0.6565037593984963,
          "anger": 0.6968707482993197,
          "warmth": 0.5256579490141077,
          "loneliness": 0.5314413002227539
        },
        "mean": 0.595919053695849,
        "thr95": 0.577194538404422,
        "null_mean": 0.4984219079109034
      },
      "prefill": {
        "celebration": {
          "BmC": 0.15946197509765625,
          "lo": -0.30660238265991213,
          "hi": 0.6304394245147704,
          "n_own": 32,
          "ceiling": 17.820716857910156
        },
        "ocean": {
          "BmC": 0.09526634216308594,
          "lo": -0.3653475284576416,
          "hi": 0.5591685295104978,
          "n_own": 31,
          "ceiling": 9.633068084716797
        },
        "fear": {
          "BmC": 0.46875476837158203,
          "lo": 0.28850159645080564,
          "hi": 0.661216902732849,
          "n_own": 31,
          "ceiling": 4.624500751495361
        },
        "silence": {
          "BmC": -0.33945751190185547,
          "lo": -0.963031530380249,
          "hi": 0.2710519075393676,
          "n_own": 32,
          "ceiling": 9.003132820129395
        },
        "deception": {
          "BmC": 0.9591388702392578,
          "lo": 0.545300817489624,
          "hi": 1.3949749708175656,
          "n_own": 42,
          "ceiling": 7.472531795501709
        },
        "obedience": {
          "BmC": -0.29735565185546875,