{
  "strength": 87,
  "tokens": [
    2,
    4,
    8,
    16
  ],
  "n": [
    400,
    400,
    397,
    185
  ],
  "n_concepts": [
    12,
    12,
    12,
    11
  ],
  "act": [
    0.6725711063667562,
    0.6265268467956173,
    0.5774407290013405,
    0.554671038330918
  ],
  "prefill_BmC": [
    -0.13617825508117676,
    0.43817010521888733,
    0.2800820767879486,
    0.8083427548408508
  ],
  "char_endpoint": 0.785
}