{
  "40": {
    "layer": 28,
    "eff_mag": 40,
    "concepts": [
      "silence",
      "ocean"
    ],
    "n_per_concept": 30,
    "have_wordfreq": true,
    "decoding": "constrained_non_letter",
    "contamination_dropped": {
      "silence": 0,
      "ocean": 0
    },
    "contamination_rate": {
      "silence": 0.0,
      "ocean": 0.0
    },
    "clean_per_concept": {
      "silence": 30,
      "ocean": 30
    },
    "streams_dropped_by_ablation": 0,
    "ablation_evaluable": true,
    "activation_net_detection": 0.6300000000000001,
    "surface_net_detection": 0.5733333333333333,
    "paired_diff_mean": 0.0545,
    "paired_diff_ci": [
      -0.16666666666666674,
      0.26666666666666683
    ],
    "paired_diff_ci_lo_ablated": -0.16666666666666674,
    "confusion_matrix": {
      "silence": {
        "silence": 0.19528048919088065,
        "ocean": 0.8047195108091193
      },
      "ocean": {
        "silence": 0.10310328707753832,
        "ocean": 0.8968967129224618
      }
    },
    "prior_controlled_margins": {
      "silence": {
        "margin": 0.09217720211334232,
        "ci": [
          0.030162263886172675,
          0.15594824389143758
        ]
      },
      "ocean": {
        "margin": 0.09217720211334246,
        "ci": [
          0.030583885023702677,
          0.15594760309688926
        ]
      }
    },
    "prior_controlled": true,
    "PROCEED": false,
    "FUND_G4": false
  },
  "80": {
    "layer": 28,
    "eff_mag": 80,
    "concepts": [
      "silence",
      "ocean"
    ],
    "n_per_concept": 30,
    "have_wordfreq": true,
    "decoding": "constrained_non_letter",
    "contamination_dropped": {
      "silence": 0,
      "ocean": 0
    },
    "contamination_rate": {
      "silence": 0.0,
      "ocean": 0.0
    },
    "clean_per_concept": {
      "silence": 30,
      "ocean": 30
    },
    "streams_dropped_by_ablation": 0,
    "ablation_evaluable": true,
    "activation_net_detection": 0.8800000000000001,
    "surface_net_detection": 0.7666666666666666,
    "paired_diff_mean": 0.11154666666666667,
    "paired_diff_ci": [
      -0.033333333333333215,
      0.2666666666666666
    ],
    "paired_diff_ci_lo_ablated": -0.033333333333333215,
    "confusion_matrix": {
      "silence": {
        "silence": 0.19451308543987783,
        "ocean": 0.8054869145601222
      },
      "ocean": {
        "silence": 0.3373115358016549,
        "ocean": 0.662688464198345
      }
    },
    "prior_controlled_margins": {
      "silence": {
        "margin": -0.14279845036177707,
        "ci": [
          -0.22960733609473397,
          -0.05842541895412582
        ]
      },
      "ocean": {
        "margin": -0.14279845036177718,
        "ci": [
          -0.22915041583723114,
          -0.05862362891460361
        ]
      }
    },
    "prior_controlled": false,
    "PROCEED": false,
    "FUND_G4": false
  }
}