{
  "strength": 87,
  "cut": 8,
  "gate_ok": true,
  "gate": {
    "0": {
      "norm": 86.89888581590175,
      "rel_std": 0.002482532172177737,
      "n": 30
    },
    "1": {
      "norm": 86.77143187633246,
      "rel_std": 0.0024843832863656714,
      "n": 20
    },
    "2": {
      "norm": 87.01562391546558,
      "rel_std": 0.002555633714807213,
      "n": 40
    },
    "3": {
      "norm": 87.20868499285677,
      "rel_std": 0.002786959628792634,
      "n": 9
    },
    "4": {
      "norm": 87.11232331933844,
      "rel_std": 0.0027692580623542413,
      "n": 39
    },
    "5": {
      "norm": 87.11705271544113,
      "rel_std": 0.002441115744381267,
      "n": 35
    },
    "6": {
      "norm": 87.0499557805898,
      "rel_std": 0.002637339057108494,
      "n": 37
    },
    "7": {
      "norm": 86.93325333799844,
      "rel_std": 0.002647388795545495,
      "n": 31
    },
    "8": {
      "norm": 87.01215307163173,
      "rel_std": 0.002566068308836757,
      "n": 39
    },
    "9": {
      "norm": 87.02594231228288,
      "rel_std": 0.0026103019861170355,
      "n": 35
    },
    "10": {
      "norm": 87.09347727116473,
      "rel_std": 0.0025007656367753606,
      "n": 43
    },
    "11": {
      "norm": 86.92921811957541,
      "rel_std": 0.0029259423891700984,
      "n": 39
    }
  },
  "selectivity_stat": -0.06964936030654723,
  "selectivity_p": 0.7772445510897821,
  "diag_row_max": 1,
  "reevoc_pct": {
    "celebration": 0.002093701587664427,
    "ocean": -0.011055302725402864,
    "fear": -0.004043976110329613,
    "silence": -0.005665718165099553,
    "deception": -0.0005608302116900805,
    "obedience": 0.0034308641975536874,
    "debugging": -0.0036851054314900973,
    "security": -0.004992318046306144,
    "curiosity": -0.0037539939782218453,
    "anger": -0.00350120638942083,
    "warmth": -0.0077479670162240695,
    "loneliness": -0.004339046454558314
  },
  "reevoc_ci": {
    "celebration": [
      -0.002375239902625299,
      0.006861850569165414
    ],
    "ocean": [
      -0.018060668890044502,
      -0.003520453735756034
    ],
    "fear": [
      -0.007531801415294615,
      -0.0006656900426057925
    ],
    "silence": [
      -0.01644518173422391,
      0.008387524911134835
    ],
    "deception": [
      -0.004728532868564837,
      0.0032647854385200966
    ],
    "obedience": [
      0.0007137351732324137,
      0.006339627376156455
    ],
    "debugging": [
      -0.00676634470969125,
      -0.00024563700578350106
    ],
    "security": [
      -0.009048128721441076,
      -0.00037331326435125997
    ],
    "curiosity": [
      -0.007076872986503374,
      -0.00021783115901126375
    ],
    "anger": [
      -0.007848244104052955,
      0.0010793900990111176
    ],
    "warmth": [
      -0.011742335100574626,
      -0.0039316237881657345
    ],
    "loneliness": [
      -0.008577704764677065,
      -0.00032589702973979186
    ]
  },
  "lexical_pct": {
    "celebration": -0.007443839684128761,
    "ocean": -0.024674316868185997,
    "fear": 0.013046997599303722,
    "silence": -0.011662609875202179,
    "deception": 0.10033257305622101,
    "obedience": 0.05191032215952873,
    "debugging": 0.05869873985648155,
    "security": 0.06522580236196518,
    "curiosity": -0.0041097961366176605,
    "anger": 0.1583668440580368,
    "warmth": 0.04655030742287636,
    "loneliness": 0.005657548550516367
  },
  "mean_reevoc_pct": -0.0036517415619604413,
  "mean_lexical_pct": 0.03765821437506626,
  "curve_cuts": [],
  "curve_pct": [],
  "letter_r2": -0.07395272065913638
}