{
  "strength": 43,
  "tokens": [
    2,
    4,
    8,
    16,
    32,
    64
  ],
  "n": [
    463,
    463,
    462,
    444,
    371,
    106
  ],
  "n_concepts": [
    12,
    12,
    12,
    12,
    12,
    11
  ],
  "act": [
    0.5265816052528641,
    0.5059939404231883,
    0.4952142981314869,
    0.5540866065724593,
    0.5592929440620189,
    0.521919072817543
  ],
  "prefill_BmC": [
    0.06642556190490723,
    -0.04950181767344475,
    -0.024967273697257042,
    -0.09003305435180664,
    -0.25297555327415466,
    -0.1818172186613083
  ],
  "char_endpoint": 0.785
}