{
  "layer": 22,
  "K": 12,
  "concepts": [
    "celebration",
    "ocean",
    "fear",
    "silence",
    "deception",
    "obedience",
    "debugging",
    "security",
    "curiosity",
    "anger",
    "warmth",
    "loneliness"
  ],
  "chance": 0.5,
  "strengths": {
    "0": {
      "n": 443,
      "surface": {
        "bacc": {
          "celebration": 0.5312558722204823,
          "ocean": 0.3675148762918885,
          "fear": 0.5050011392116656,
          "silence": 0.5201189176070866,
          "deception": 0.41833515350078876,
          "obedience": 0.4405949412183826,
          "debugging": 0.5259626338573706,
          "security": 0.3821406201064829,
          "curiosity": 0.4319558154645874,
          "anger": 0.4349224452554744,
          "warmth": 0.5129239766081872,
          "loneliness": 0.5016626311541567
        },
        "mean": 0.46436575187471285,
        "thr95": 0.5895221259124088,
        "null_mean": 0.5029042556678892
      },
      "activation": {
        "bacc": {
          "celebration": 0.5789696210460382,
          "ocean": 0.49375978703413714,
          "fear": 0.5140806561859194,
          "silence": 0.4824778546292926,
          "deception": 0.539928406746754,
          "obedience": 0.5198551240945255,
          "debugging": 0.472738664843928,
          "security": 0.5099279674287504,
          "curiosity": 0.512956465237167,
          "anger": 0.48855687347931875,
          "warmth": 0.5491552956465238,
          "loneliness": 0.5240435835351089
        },
        "mean": 0.5155375249922888,
        "thr95": 0.585197634152377,
        "null_mean": 0.5049148412154294
      }
    },
    "124": {
      "n": 429,
      "surface": {
        "bacc": {
          "celebration": 0.9421137947803533,
          "ocean": 0.9102892030848329,
          "fear": 0.7331327048585932,
          "silence": 0.7574161128221754,
          "deception": 0.8648394241417497,
          "obedience": 0.7366371354743447,
          "debugging": 0.8246207942636514,
          "security": 0.8929858525688757,
          "curiosity": 0.8422305764411029,
          "anger": 0.7511376172090458,
          "warmth": 0.8194638868205508,
          "loneliness": 0.836874469889737
        },
        "mean": 0.8259784643629177,
        "thr95": 0.5795347562658039,
        "null_mean": 0.5019457125413243
      },
      "activation": {
        "bacc": {
          "celebration": 0.600615983141514,
          "ocean": 0.8030526992287917,
          "fear": 0.5859753444525018,
          "silence": 0.5581536715837251,
          "deception": 0.628922111480251,
          "obedience": 0.6524916943521595,
          "debugging": 0.6149820739106453,
          "security": 0.6650111690245719,
          "curiosity": 0.6523809523809525,
          "anger": 0.5753585217870933,
          "warmth": 0.6568577810871185,
          "loneliness": 0.6080576759966073
        },
        "mean": 0.6334883065354944,
        "thr95": 0.5835998823249443,
        "null_mean": 0.5009506106712223
      },
      "prefill": {
        "celebration": {
          "BmC": -1.729757308959961,
          "lo": -2.4874183416366575,
          "hi": -0.8877176523208621,
          "n_own": 31,
          "ceiling": 12.707176208496094
        },
        "ocean": {
          "BmC": 0.8144245147705078,
          "lo": 0.2282181739807129,
          "hi": 1.5989913463592513,
          "n_own": 40,
          "ceiling": 8.160323143005371
        },
        "fear": {
          "BmC": -2.553586959838867,
          "lo": -3.1937000274658205,
          "hi": -1.8349959135055545,
          "n_own": 35,
          "ceiling": 6.1556620597839355
        },
        "silence": {
          "BmC": -2.0086288452148438,
          "lo": -2.648792862892151,
          "hi": -1.2710994243621827,
          "n_own": 31,
          "ceiling": 3.698528289794922
        },
        "deception": {
          "BmC": -4.055685043334961,
          "lo": -4.509449219703674,
          "hi": -3.6168602943420423,
          "n_own": 42,
          "ceiling": 3.3766069412231445
        },
        "obedience": {
          "BmC": -2.1251039505004883,
          "lo": -2.632958936691284,
          "hi": -1.5790752649307256,
          "n_own": 42,
          "ceiling": 7.0402607917785645
        },
        "debugging": {
          "BmC": -2.8938112258911133,
          "lo": -3.291088581085205,
          "hi": -2.48229558467865,
          "n_own": 37,
          "ceiling": 8.088055610656738
        },
        "security": {
          "BmC": 0.8591070175170898,
          "lo": -0.0621539831161499,
          "hi": 1.7733136177062985,
          "n_own": 34,
          "ceiling": 7.7657880783081055
        },
        "curiosity": {
          "BmC": -2.079172134399414,
          "lo": -2.497260856628418,
          "hi": -1.6020627737045292,
          "n_own": 30,
          "ceiling": 6.92343282699585
        },
        "anger": {
          "BmC": -1.352773666381836,
          "lo": -1.7437899112701416,
          "hi": -0.979839611053467,
          "n_own": 37,
          "ceiling": 8.143108367919922
        },
        "warmth": {
          "BmC": -2.110865592956543,
          "lo": -2.5098216772079467,
          "hi": -1.7197411060333252,
          "n_own": 34,
          "ceiling": 7.832607746124268
        },
        "loneliness": {
          "BmC": -1.6854686737060547,
          "lo": -2.09761381149292,
          "hi": -1.2656632423400882,
          "n_own": 36,
          "ceiling": 5.459929466247559
        }
      }
    },
    "140": {
      "n": 430,
      "surface": {
        "bacc": {
          "celebration": 0.96366319102892,
          "ocean": 0.9362338752766967,
          "fear": 0.8075611515509215,
          "silence": 0.7373358090915343,
          "deception": 0.9561487481590575,
          "obedience": 0.7576666666666666,
          "debugging": 0.8888384567773882,
          "security": 0.8357546048722518,
          "curiosity": 0.8683303624480094,
          "anger": 0.7893401015228427,
          "warmth": 0.82126555224792,
          "loneliness": 0.9308657642413989
        },
        "mean": 0.8577503569903007,
        "thr95": 0.5797541139975448,
        "null_mean": 0.5004093570627154
      },
      "activation": {
        "bacc": {
          "celebration": 0.7155616761754869,
          "ocean": 0.7145027097168155,
          "fear": 0.609836710603974,
          "silence": 0.5307269101162232,
          "deception": 0.6500490918016691,
          "obedience": 0.6713333333333333,
          "debugging": 0.665435664672306,
          "security": 0.7061942959001783,
          "curiosity": 0.6065656565656565,
          "anger": 0.5753807106598985,
          "warmth": 0.701144950767117,
          "loneliness": 0.6073040045121263
        },
        "mean": 0.6461696429020654,
        "thr95": 0.5734554304467037,
        "null_mean": 0.4999555864361263
      },
      "prefill": {
        "celebration": {
          "BmC": -1.9350395202636719,
          "lo": -2.4545740842819215,
          "hi": -1.4071255445480346,
          "n_own": 39,
          "ceiling": 12.999054908752441
        },
        "ocean": {
          "BmC": 0.01769733428955078,
          "lo": -0.5637648105621338,
          "hi": 0.7095537662506096,
          "n_own": 33,
          "ceiling": 6.310784816741943
        },
        "fear": {
          "BmC": -3.3756113052368164,
          "lo": -3.873980188369751,
          "hi": -2.8339246273040777,
          "n_own": 39,
          "ceiling": 5.492327690124512
        },
        "silence": {
          "BmC": -1.7623891830444336,
          "lo": -2.198654127120972,
          "hi": -1.340389966964722,
          "n_own": 37,
          "ceiling": 3.700448989868164
        },
        "deception": {
          "BmC": -4.397946357727051,
          "lo": -4.810706210136414,
          "hi": -3.997868013381958,
          "n_own": 42,
          "ceiling": 3.588660717010498
        },
        "obedience": {
          "BmC": -1.8093299865722656,