{
  "strength": 43,
  "cut": 8,
  "gate_ok": true,
  "gate": {
    "0": {
      "norm": 43.09207222266066,
      "rel_std": 0.005549112118074831,
      "n": 31
    },
    "1": {
      "norm": 43.04224960447567,
      "rel_std": 0.005941105823617174,
      "n": 41
    },
    "2": {
      "norm": 43.06254717377472,
      "rel_std": 0.006193349155773271,
      "n": 30
    },
    "3": {
      "norm": 42.9620036180391,
      "rel_std": 0.005480070774332212,
      "n": 32
    },
    "4": {
      "norm": 43.04099369141886,
      "rel_std": 0.005679976005210036,
      "n": 43
    },
    "5": {
      "norm": 43.13714728235209,
      "rel_std": 0.005533667224691131,
      "n": 32
    },
    "6": {
      "norm": 42.92695043901794,
      "rel_std": 0.006265943348908868,
      "n": 42
    },
    "7": {
      "norm": 43.0512372099379,
      "rel_std": 0.005390991897134577,
      "n": 44
    },
    "8": {
      "norm": 42.96080430956126,
      "rel_std": 0.005649259277019468,
      "n": 41
    },
    "9": {
      "norm": 43.033033139731614,
      "rel_std": 0.005613989717899173,
      "n": 42
    },
    "10": {
      "norm": 43.123663058514495,
      "rel_std": 0.006106167472996156,
      "n": 43
    },
    "11": {
      "norm": 42.97949213514447,
      "rel_std": 0.005875958445912318,
      "n": 41
    }
  },
  "selectivity_stat": -0.1277024375840406,
  "selectivity_p": 0.9806038792241552,
  "diag_row_max": 1,
  "reevoc_pct": {
    "celebration": -0.00485214677969881,
    "ocean": -0.008311083092540193,
    "fear": -0.004690203551200655,
    "silence": -0.009168179050927566,
    "deception": -0.0062308521011352645,
    "obedience": 0.011759126694583323,
    "debugging": -0.004608107603136952,
    "security": -0.0013293264406531425,
    "curiosity": -0.0035193426333903406,
    "anger": -0.001025380728624877,
    "warmth": -0.00464464037150357,
    "loneliness": -0.0035623984863320407
  },
  "reevoc_ci": {
    "celebration": [
      -0.009664594281488212,
      0.0011259189879330074
    ],
    "ocean": [
      -0.014930921213005356,
      -0.0010274856160135625
    ],
    "fear": [
      -0.019310544892819755,
      0.008259695473202837
    ],
    "silence": [
      -0.016853581778166492,
      -0.0024769526330475334
    ],
    "deception": [
      -0.014069474088008146,
      0.002142682658403577
    ],
    "obedience": [
      -4.474840819641064e-05,
      0.024072559489932678
    ],
    "debugging": [
      -0.013007218203610357,
      0.0032901233469524896
    ],
    "security": [
      -0.009387180307130214,
      0.00672789028331555
    ],
    "curiosity": [
      -0.012411241198657833,
      0.004704098452906788
    ],
    "anger": [
      -0.006463163586602872,
      0.004613093898622033
    ],
    "warmth": [
      -0.011741156286577964,
      0.0025874318198176667
    ],
    "loneliness": [
      -0.010859592464221631,
      0.0031685747297923814
    ]
  },
  "lexical_pct": {
    "celebration": 0.010831527411937714,
    "ocean": 0.07777896523475647,
    "fear": 0.22404524683952332,
    "silence": -0.22083541750907898,
    "deception": -0.057119354605674744,
    "obedience": 0.08015314489603043,
    "debugging": -0.1099153533577919,
    "security": 0.0008045407594181597,
    "curiosity": 0.004584795329719782,
    "anger": 0.04918500781059265,
    "warmth": -0.011754387058317661,
    "loneliness": -0.4929041266441345
  },
  "mean_reevoc_pct": -0.003348544512046674,
  "mean_lexical_pct": -0.037095450907751605,
  "curve_cuts": [
    2,
    4,
    8,
    16,
    32
  ],
  "curve_pct": [
    0.003543908933819612,
    0.0002672127758285594,
    -0.0033485445120466483,
    0.0013560806986782495,
    0.004074507040220935
  ],
  "letter_r2": -0.1268253240645989
}