{
  "model": "qwen2.5-1.5b",
  "budget_T": 12,
  "n_per_class": 24,
  "seeds": [
    0,
    1,
    2
  ],
  "question": "concept-state (transfers across paraphrase) vs prompt-wording fingerprint (does not)",
  "within_evoked": {
    "bits_ce": {
      "mean": 0.4467414171857122,
      "sd": 0.031648421783268335,
      "per_seed": [
        0.4213569817195899,
        0.4275094007211111,
        0.49135786911643553
      ]
    },
    "top1_acc": {
      "mean": 0.25347222222222227,
      "sd": 0.00850517271799715,
      "per_seed": [
        0.2534722222222222,
        0.24305555555555555,
        0.2638888888888889
      ]
    },
    "chance_acc": {
      "mean": 0.08333333333333333,
      "sd": 0.0,
      "per_seed": [
        0.08333333333333333,
        0.08333333333333333,
        0.08333333333333333
      ]
    },
    "confusion_mi_bits": {
      "mean": 0.7226019035330223,
      "sd": 0.047975477180207234,
      "per_seed": [
        0.7127400689834994,
        0.6693991147458851,
        0.7856665268696827
      ]
    },
    "confusion_mi_shuffle_null_mean": {
      "mean": 0.35095216949747243,
      "sd": 0.0021122095829863813,
      "per_seed": [
        0.3513441192330407,
        0.35332074635216926,
        0.3481916429072073
      ]
    },
    "confusion_mi_shuffle_null_p95": {
      "mean": 0.4181970176940229,
      "sd": 0.006951817251978426,
      "per_seed": [
        0.40857289371656363,
        0.4247479939725401,
        0.421270165392965
      ]
    }
  },
  "within_evoked_alt": {
    "bits_ce": {
      "mean": 0.2812433081026183,
      "sd": 0.0748860627921127,
      "per_seed": [
        0.3588321341590692,
        0.18002402699970066,
        0.304873763149085
      ]
    },
    "top1_acc": {
      "mean": 0.21064814814814814,
      "sd": 0.01929783796357993,
      "per_seed": [
        0.22916666666666666,
        0.1840277777777778,
        0.21875
      ]
    },
    "chance_acc": {
      "mean": 0.08333333333333333,
      "sd": 0.0,
      "per_seed": [
        0.08333333333333333,
        0.08333333333333333,
        0.08333333333333333
      ]
    },
    "confusion_mi_bits": {
      "mean": 0.5675777746123889,
      "sd": 0.026356974265698507,
      "per_seed": [
        0.5305036720355758,
        0.5827729211659188,
        0.5894567306356723
      ]
    },
    "confusion_mi_shuffle_null_mean": {
      "mean": 0.3543634034328365,
      "sd": 0.005038952632250989,
      "per_seed": [
        0.36103637538124894,
        0.3488612421651296,
        0.353192592752131
      ]
    },
    "confusion_mi_shuffle_null_p95": {
      "mean": 0.4255444946827556,
      "sd": 0.009856533409133084,
      "per_seed": [
        0.4387384823795441,
        0.4150531597141228,
        0.42284184195460006
      ]
    }
  },
  "transfer_evoked_to_alt": {
    "bits_ce": {
      "mean": -0.07661338038980874,
      "sd": 0.0443959589242642,
      "per_seed": [
        -0.032028676950181634,
        -0.13718960492322108,
        -0.060621859296023484
      ]
    },
    "top1_acc": {
      "mean": 0.11921296296296297,
      "sd": 0.017088915578973844,
      "per_seed": [
        0.12152777777777778,
        0.09722222222222222,
        0.1388888888888889
      ]
    },
    "chance_acc": {
      "mean": 0.08333333333333333,
      "sd": 0.0,
      "per_seed": [
        0.08333333333333333,
        0.08333333333333333,
        0.08333333333333333
      ]
    },
    "confusion_mi_bits": {
      "mean": 0.5382647468231704,
      "sd": 0.04662883817081752,
      "per_seed": [
        0.5075249551681731,
        0.5031106708106013,
        0.6041586144907367
      ]
    },
    "confusion_mi_shuffle_null_mean": {
      "mean": 0.3529192050810251,
      "sd": 0.003063912895603235,
      "per_seed": [
        0.3502560889397739,
        0.35129066135248554,
        0.35721086495081594
      ]
    },
    "confusion_mi_shuffle_null_p95": {
      "mean": 0.42174455464870325,
      "sd": 0.004356486222860471,
      "per_seed": [
        0.41816783138444635,
        0.419188523764823,
        0.4278773087968404
      ]
    }
  },
  "transfer_alt_to_evoked": {
    "bits_ce": {
      "mean": -0.09223814149326885,
      "sd": 0.10379701434133407,
      "per_seed": [
        -0.19351869210604145,
        -0.13361643947479473,
        0.05042070710102964
      ]
    },
    "top1_acc": {
      "mean": 0.16435185185185186,
      "sd": 0.011803285911094405,
      "per_seed": [
        0.1597222222222222,
        0.18055555555555555,
        0.1527777777777778
      ]
    },
    "chance_acc": {
      "mean": 0.08333333333333333,
      "sd": 0.0,
      "per_seed": [
        0.08333333333333333,
        0.08333333333333333,
        0.08333333333333333
      ]
    },
    "confusion_mi_bits": {
      "mean": 0.6132758506939663,
      "sd": 0.0034773824127518854,
      "per_seed": [
        0.6137241957532024,
        0.6088105081963242,
        0.6172928481323721
      ]
    },
    "confusion_mi_shuffle_null_mean": {
      "mean": 0.3531256942078384,
      "sd": 0.0023151592283079093,
      "per_seed": [
        0.35605599343694727,
        0.35292543715771046,
        0.3503956520288573
      ]
    },
    "confusion_mi_shuffle_null_p95": {
      "mean": 0.4229347907745853,
      "sd": 0.010444323580122287,
      "per_seed": [
        0.43285248785884173,
        0.4274551461008284,
        0.40849673836408573
      ]
    }
  },
  "mi_excess_bits": {
    "within_evoked": 0.3716497340355499,
    "within_evoked_alt": 0.2132143711795524,
    "transfer_evoked_to_alt": 0.1853455417421453,
    "transfer_alt_to_evoked": 0.2601501564861279
  },
  "separability_retention_across_paraphrase": 0.7617080519318724,
  "interpretation_note": "transfer confusion-MI = label-free SEPARABILITY through the trained decoder; it cannot distinguish concept from wording (any 12 distinct texts separate). Concept-aligned transfer is bits_ce/top1_acc: ~0 calibrated bits, top-1 barely above chance."
}