{
  "model": "qwen2.5-14b",
  "capture": "runs/qwen2.5-14b/data/covert_collect.pt",
  "inject": "gen",
  "strengths": [
    0,
    101,
    152,
    190
  ],
  "seeds": [
    0,
    1,
    2
  ],
  "question": "regime vs dose: does a weak (natural-level) injection still mark the transcript?",
  "cells": {
    "0": {
      "n_accepted": 451,
      "min_per_class": 32,
      "len_median": 128,
      "len_p25": 60,
      "len_p75": 128,
      "n_T12": 24,
      "n_full": 24,
      "dist_T12": {
        "mean": -0.09359602299653809,
        "sd": 0.05212657155097998,
        "per_seed": [
          -0.1404437015086506,
          -0.11946458128826265,
          -0.020879786192701033
        ]
      },
      "char_T12": {
        "mean": -0.006379309891381801,
        "sd": 0.009057892842865917,
        "per_seed": [
          -0.008458461502597103,
          0.005606771318346748,
          -0.01628623948989505
        ]
      },
      "char_full": {
        "mean": -0.027437050341892366,
        "sd": 0.011109785508190868,
        "per_seed": [
          -0.02139963264954048,
          -0.01789378514880724,
          -0.04301773322732938
        ]
      }
    },
    "101": {
      "n_accepted": 426,
      "min_per_class": 30,
      "len_median": 128,
      "len_p25": 69,
      "len_p75": 128,
      "n_T12": 24,
      "n_full": 24,
      "dist_T12": {
        "mean": 1.7751425503095153,
        "sd": 0.26379013528537054,
        "per_seed": [
          2.0596526907397497,
          1.4239177736652429,
          1.841857186523554
        ]
      },
      "char_T12": {
        "mean": 0.4196362990521436,
        "sd": 0.0335603318844138,
        "per_seed": [
          0.40940833219256456,
          0.38461320069055827,
          0.464887364273308
        ]
      },
      "char_full": {
        "mean": 1.2365698440718473,
        "sd": 0.16676223665666373,
        "per_seed": [
          1.3588060002169562,
          1.3501177528434725,
          1.0007857791551134
        ]
      }
    },
    "152": {
      "n_accepted": 415,
      "min_per_class": 30,
      "len_median": 128,
      "len_p25": 61,
      "len_p75": 128,
      "n_T12": 24,
      "n_full": 24,
      "dist_T12": {
        "mean": 2.755521579128198,
        "sd": 0.07389101086064565,
        "per_seed": [
          2.8590810934134443,
          2.6916425459838864,
          2.7158410979872647
        ]
      },
      "char_T12": {
        "mean": 1.190049034277912,
        "sd": 0.050558550049379584,
        "per_seed": [
          1.1865507559520894,
          1.1299510068831728,
          1.2536453399984735
        ]
      },
      "char_full": {
        "mean": 2.6697919598698134,
        "sd": 0.10591641178653091,
        "per_seed": [
          2.800497168993918,
          2.5410789523776263,
          2.6677997582378965
        ]
      }
    },
    "190": {
      "n_accepted": 340,
      "min_per_class": 14,
      "len_median": 128,
      "len_p25": 87,
      "len_p75": 128,
      "n_T12": 14,
      "n_full": 14,
      "dist_T12": {
        "mean": 3.1402534598708987,
        "sd": 0.02158923337278628,
        "per_seed": [
          3.1117366338421943,
          3.1639583257313406,
          3.145065420039162
        ]
      },
      "char_T12": {
        "mean": 1.413947170896196,
        "sd": 0.14445792254843504,
        "per_seed": [
          1.368915108790528,
          1.6090355697180265,
          1.2638908341800326
        ]
      },
      "char_full": {
        "mean": 2.83676041371119,
        "sd": 0.11770056142819336,
        "per_seed": [
          2.951762753476398,
          2.675043219978299,
          2.883475267678874
        ]
      }
    }
  }
}