{
  "model": "qwen2.5-7b",
  "capture": "runs/qwen2.5-7b/data/covert_collect.pt",
  "inject": "gen",
  "strengths": [
    0,
    124,
    140
  ],
  "seeds": [
    0,
    1,
    2
  ],
  "question": "regime vs dose: does a weak (natural-level) injection still mark the transcript?",
  "cells": {
    "0": {
      "n_accepted": 443,
      "min_per_class": 30,
      "len_median": 55,
      "len_p25": 39,
      "len_p75": 95,
      "n_T12": 24,
      "n_full": 24,
      "dist_T12": {
        "mean": -0.30196307806972245,
        "sd": 0.07741175360964343,
        "per_seed": [
          -0.3091226987408682,
          -0.20377658578586333,
          -0.39298994968243584
        ]
      },
      "char_T12": {
        "mean": -0.017571666876201153,
        "sd": 0.004733454746659878,
        "per_seed": [
          -0.02403946750039765,
          -0.01583244280739038,
          -0.012843090320815431
        ]
      },
      "char_full": {
        "mean": -0.04882016725428354,
        "sd": 0.010565990820449659,
        "per_seed": [
          -0.05960929248406943,
          -0.05237861115165998,
          -0.03447259812712122
        ]
      }
    },
    "124": {
      "n_accepted": 429,
      "min_per_class": 30,
      "len_median": 25,
      "len_p25": 19,
      "len_p75": 46,
      "n_T12": 24,
      "n_full": 24,
      "dist_T12": {
        "mean": 2.512508991673827,
        "sd": 0.03669251735268845,
        "per_seed": [
          2.4754761750869294,
          2.562504585411739,
          2.4995462145228124
        ]
      },
      "char_T12": {
        "mean": 1.2205626584447764,
        "sd": 0.08303541566177382,
        "per_seed": [
          1.153836064310512,
          1.17024207649321,
          1.3376098345306073
        ]
      },
      "char_full": {
        "mean": 1.8956873103875467,
        "sd": 0.12667577648463715,
        "per_seed": [
          1.7178027744564996,
          1.9662462318289555,
          2.0030129248771846
        ]
      }
    },
    "140": {
      "n_accepted": 430,
      "min_per_class": 30,
      "len_median": 23,
      "len_p25": 16,
      "len_p75": 38,
      "n_T12": 24,
      "n_full": 24,
      "dist_T12": {
        "mean": 2.860312674548456,
        "sd": 0.023892801386580363,
        "per_seed": [
          2.8843683574407315,
          2.8688345782975166,
          2.82773508790712
        ]
      },
      "char_T12": {
        "mean": 1.6856992634645362,
        "sd": 0.04459224297482323,
        "per_seed": [
          1.7198247736097911,
          1.62270950796424,
          1.7145635088195774
        ]
      },
      "char_full": {
        "mean": 2.3594120764420228,
        "sd": 0.012225221294438865,
        "per_seed": [
          2.354172034267896,
          2.3477635824676995,
          2.3763006125904735
        ]
      }
    }
  }
}