{
  "model": "qwen2.5-1.5b",
  "capture": "runs/qwen2.5-1.5b/data/covert_collect.pt",
  "inject": "gen",
  "strengths": [
    0,
    40,
    60
  ],
  "seeds": [
    0,
    1,
    2
  ],
  "question": "regime vs dose: does a weak (natural-level) injection still mark the transcript?",
  "cells": {
    "0": {
      "n_accepted": 417,
      "min_per_class": 30,
      "len_median": 21,
      "len_p25": 17,
      "len_p75": 128,
      "n_T12": 24,
      "n_full": 24,
      "dist_T12": {
        "mean": -0.011569822097192409,
        "sd": 0.02835609789550943,
        "per_seed": [
          0.008962657438149613,
          -0.05166751162661054,
          0.007995387896883699
        ]
      },
      "char_T12": {
        "mean": -0.0004508579063129403,
        "sd": 0.0073787806505204116,
        "per_seed": [
          0.0018276279353806046,
          -0.010409170082735564,
          0.007228968428416138
        ]
      },
      "char_full": {
        "mean": -0.010869111316219668,
        "sd": 0.005377642256768389,
        "per_seed": [
          -0.010170149711886012,
          -0.004660227698089159,
          -0.01777695653868383
        ]
      }
    },
    "40": {
      "n_accepted": 449,
      "min_per_class": 30,
      "len_median": 25,
      "len_p25": 17,
      "len_p75": 128,
      "n_T12": 24,
      "n_full": 24,
      "dist_T12": {
        "mean": 2.5996249115832124,
        "sd": 0.07645214282808477,
        "per_seed": [
          2.5782910437024897,
          2.5184983556920786,
          2.702085335355068
        ]
      },
      "char_T12": {
        "mean": 0.21984928320406802,
        "sd": 0.08849731224830311,
        "per_seed": [
          0.12410626518163248,
          0.19791665703887107,
          0.3375249273917005
        ]
      },
      "char_full": {
        "mean": 0.5558565533262305,
        "sd": 0.10162861891983675,
        "per_seed": [
          0.5880326477472817,
          0.6610783923005736,
          0.4184586199308362
        ]
      }
    },
    "60": {
      "n_accepted": 435,
      "min_per_class": 31,
      "len_median": 128,
      "len_p25": 22,
      "len_p75": 128,
      "n_T12": 24,
      "n_full": 24,
      "dist_T12": {
        "mean": 2.6401433714303004,
        "sd": 0.1779733673611592,
        "per_seed": [
          2.863285531060762,
          2.427738459587345,
          2.6294061236427955
        ]
      },
      "char_T12": {
        "mean": 0.6746700935106205,
        "sd": 0.09254127270760293,
        "per_seed": [
          0.8054957366137869,
          0.6062045581669193,
          0.6123099857511551
        ]
      },
      "char_full": {
        "mean": 2.056039244003675,
        "sd": 0.03122628505353887,
        "per_seed": [
          2.0785489040238243,
          2.077687418745451,
          2.0118814092417505
        ]
      }
    }
  }
}