{
  "model": "qwen2.5-1.5b",
  "capture": "runs/confound-e3/data/covert_collect.pt",
  "inject": "prompt",
  "strengths": [
    0,
    40,
    60
  ],
  "seeds": [
    0,
    1,
    2
  ],
  "question": "regime vs dose: does a weak (natural-level) injection still mark the transcript?",
  "cells": {
    "0": {
      "n_accepted": 424,
      "min_per_class": 31,
      "len_median": 22,
      "len_p25": 17,
      "len_p75": 128,
      "n_T12": 24,
      "n_full": 24,
      "dist_T12": {
        "mean": -0.007887312223850529,
        "sd": 0.012972027925730734,
        "per_seed": [
          -0.023823935313755484,
          0.007950452677380149,
          -0.007788454035176251
        ]
      },
      "char_T12": {
        "mean": -0.00923348585281166,
        "sd": 0.0020551319601481966,
        "per_seed": [
          -0.012127622029922236,
          -0.00801735693739225,
          -0.00755547859112049
        ]
      },
      "char_full": {
        "mean": -0.017174752675382116,
        "sd": 0.010627205656711883,
        "per_seed": [
          -0.00406945703557593,
          -0.0173560058481117,
          -0.030098795142458723
        ]
      }
    },
    "40": {
      "n_accepted": 433,
      "min_per_class": 30,
      "len_median": 24,
      "len_p25": 18,
      "len_p75": 128,
      "n_T12": 24,
      "n_full": 24,
      "dist_T12": {
        "mean": 0.2291604904024688,
        "sd": 0.029451185382866035,
        "per_seed": [
          0.200093008946713,
          0.269527729190973,
          0.21786073306972042
        ]
      },
      "char_T12": {
        "mean": 0.0019117493204832137,
        "sd": 0.0060630148852613116,
        "per_seed": [
          0.0024146025796634163,
          0.00907318841193172,
          -0.005752543030145496
        ]
      },
      "char_full": {
        "mean": 0.011354339942019731,
        "sd": 0.008304863435170104,
        "per_seed": [
          0.020406799929676644,
          0.01330853131906995,
          0.0003476885773125993
        ]
      }
    },
    "60": {
      "n_accepted": 452,
      "min_per_class": 30,
      "len_median": 38,
      "len_p25": 19,
      "len_p75": 128,
      "n_T12": 24,
      "n_full": 24,
      "dist_T12": {
        "mean": 0.7374452912358506,
        "sd": 0.10166995832572674,
        "per_seed": [
          0.7393392978393711,
          0.6119893316571545,
          0.8610072442110259
        ]
      },
      "char_T12": {
        "mean": -0.00766811698645246,
        "sd": 0.018010769113267114,
        "per_seed": [
          0.010193308898130748,
          -0.0008727749528678608,
          -0.032324884904620266
        ]
      },
      "char_full": {
        "mean": 0.030022706791499616,
        "sd": 0.007590134112046968,
        "per_seed": [
          0.04068521197186703,
          0.023619800704486327,
          0.025763107698145493
        ]
      }
    }
  }
}