{
  "model": "qwen2.5-1.5b",
  "capture": "runs/confound-e1/data/covert_collect.pt",
  "inject": "gen",
  "strengths": [
    0,
    3,
    5,
    8,
    12,
    20
  ],
  "seeds": [
    0,
    1,
    2
  ],
  "question": "regime vs dose: does a weak (natural-level) injection still mark the transcript?",
  "cells": {
    "0": {
      "n_accepted": 450,
      "min_per_class": 30,
      "len_median": 22,
      "len_p25": 17,
      "len_p75": 128,
      "n_T12": 24,
      "n_full": 24,
      "dist_T12": {
        "mean": -0.029331319158733216,
        "sd": 0.012316699445086756,
        "per_seed": [
          -0.01405133536541081,
          -0.029729543364577893,
          -0.04421307874621094
        ]
      },
      "char_T12": {
        "mean": -0.022114248329481907,
        "sd": 0.0009718158944240588,
        "per_seed": [
          -0.021059606133617237,
          -0.02340474475327925,
          -0.021878394101549237
        ]
      },
      "char_full": {
        "mean": -0.016971363218382773,
        "sd": 0.003450998094400544,
        "per_seed": [
          -0.02040937533393894,
          -0.01825221320570103,
          -0.012252501115508352
        ]
      }
    },
    "3": {
      "n_accepted": 421,
      "min_per_class": 30,
      "len_median": 22,
      "len_p25": 16,
      "len_p75": 128,
      "n_T12": 24,
      "n_full": 24,
      "dist_T12": {
        "mean": 0.0003430750392428017,
        "sd": 0.012630102866548731,
        "per_seed": [
          0.016349516165755418,
          -0.0007954074024958402,
          -0.014524883645531173
        ]
      },
      "char_T12": {
        "mean": 0.002993045806510164,
        "sd": 0.007059767832524181,
        "per_seed": [
          0.012965931247262308,
          -0.002401624501052524,
          -0.0015851693266792921
        ]
      },
      "char_full": {
        "mean": -0.012908630651280006,
        "sd": 0.006248777504763973,
        "per_seed": [
          -0.004072420554361411,
          -0.017435702659877705,
          -0.017217768739600903
        ]
      }
    },
    "5": {
      "n_accepted": 405,
      "min_per_class": 30,
      "len_median": 21,
      "len_p25": 17,
      "len_p75": 128,
      "n_T12": 24,
      "n_full": 24,
      "dist_T12": {
        "mean": -0.0125666923323234,
        "sd": 0.003155246340315725,
        "per_seed": [
          -0.009718338673266658,
          -0.0110162212370013,
          -0.016965517086702242
        ]
      },
      "char_T12": {
        "mean": -0.0022140851537608697,
        "sd": 0.0036017367505295737,
        "per_seed": [
          0.0025923894489552346,
          -0.003157146832032165,
          -0.006077498078205679
        ]
      },
      "char_full": {
        "mean": 0.00902601075128251,
        "sd": 0.004663150729471214,
        "per_seed": [
          0.0031080531134279887,
          0.014505067969004415,
          0.009464911171415125
        ]
      }
    },
    "8": {
      "n_accepted": 454,
      "min_per_class": 30,
      "len_median": 20,
      "len_p25": 17,
      "len_p75": 128,
      "n_T12": 24,
      "n_full": 24,
      "dist_T12": {
        "mean": 0.036368101522358774,
        "sd": 0.004332380598525818,
        "per_seed": [
          0.042353230140294684,
          0.032240654379879885,
          0.034510420046901746
        ]
      },
      "char_T12": {
        "mean": -0.002048294699245575,
        "sd": 0.0026749448227687427,
        "per_seed": [
          1.5772306547923165e-05,
          -0.0003348382178258724,
          -0.0058258181864587755
        ]
      },
      "char_full": {
        "mean": -0.006313183459303318,
        "sd": 0.00753135383612647,
        "per_seed": [
          -0.015366431501112388,
          0.0030725516765599536,
          -0.006645670553357519
        ]
      }
    },
    "12": {
      "n_accepted": 437,
      "min_per_class": 30,
      "len_median": 20,
      "len_p25": 16,
      "len_p75": 128,
      "n_T12": 24,
      "n_full": 24,
      "dist_T12": {
        "mean": 0.11326593859953633,
        "sd": 0.06724140091042201,
        "per_seed": [
          0.13854555595504348,
          0.021235861598999595,
          0.18001639824456594
        ]
      },
      "char_T12": {
        "mean": 0.003019095180814594,
        "sd": 0.0021928329520253757,
        "per_seed": [
          0.0038837991491798007,
          0.005165888368690474,
          7.598024573507445e-06
        ]
      },
      "char_full": {
        "mean": -0.008878446832216133,
        "sd": 0.008064630348813488,
        "per_seed": [
          0.0025122588851389516,
          -0.015070047048534985,
          -0.014077552333252363
        ]
      }
    },
    "20": {
      "n_accepted": 433,
      "min_per_class": 30,
      "len_median": 22,
      "len_p25": 17,
      "len_p75": 128,
      "n_T12": 24,
      "n_full": 24,
      "dist_T12": {
        "mean": 0.6550824974781916,
        "sd": 0.05412928033032124,
        "per_seed": [
          0.6935221966930669,
          0.5785323711679489,
          0.6931929245735589
        ]
      },
      "char_T12": {
        "mean": 0.00993225919818134,
        "sd": 0.010199062156286803,
        "per_seed": [
          0.01287209082317764,
          -0.0037666936088722736,
          0.020691380380238655
        ]
      },
      "char_full": {
        "mean": 0.03909294612917513,
        "sd": 0.010067842605661372,
        "per_seed": [
          0.0499701643937045,
          0.04161089242108096,
          0.02569778157273994
        ]
      }
    }
  }
}