{
  "model": "qwen2.5-3b",
  "capture": "runs/qwen2.5-3b/data/covert_collect.pt",
  "inject": "gen",
  "strengths": [
    0,
    40,
    60
  ],
  "seeds": [
    0,
    1,
    2
  ],
  "question": "regime vs dose: does a weak (natural-level) injection still mark the transcript?",
  "cells": {
    "0": {
      "n_accepted": 445,
      "min_per_class": 30,
      "len_median": 17,
      "len_p25": 15,
      "len_p75": 27,
      "n_T12": 24,
      "n_full": 24,
      "dist_T12": {
        "mean": 0.00571060081325762,
        "sd": 0.016736398110675368,
        "per_seed": [
          0.018253066126943107,
          -0.017943826471436886,
          0.016822562784266637
        ]
      },
      "char_T12": {
        "mean": -0.00770992172244626,
        "sd": 0.009483435993294254,
        "per_seed": [
          0.0033998205892351585,
          -0.019771217140843955,
          -0.006758368615729982
        ]
      },
      "char_full": {
        "mean": 0.0005155752466752261,
        "sd": 0.01322635879382459,
        "per_seed": [
          0.01801529598042073,
          -0.013954834140629035,
          -0.0025137360997660174
        ]
      }
    },
    "40": {
      "n_accepted": 408,
      "min_per_class": 30,
      "len_median": 16,
      "len_p25": 15,
      "len_p75": 20,
      "n_T12": 24,
      "n_full": 24,
      "dist_T12": {
        "mean": 0.6661718620821633,
        "sd": 0.07084618405696218,
        "per_seed": [
          0.5669436180435561,
          0.727789707769996,
          0.7037822604329378
        ]
      },
      "char_T12": {
        "mean": 0.061713898023973535,
        "sd": 0.03711720205165571,
        "per_seed": [
          0.01939703770132528,
          0.10977014466805812,
          0.0559745117025372
        ]
      },
      "char_full": {
        "mean": 0.2596638196729672,
        "sd": 0.031830905968191735,
        "per_seed": [
          0.22620654663107587,
          0.3024744044068828,
          0.2503105079809429
        ]
      }
    },
    "60": {
      "n_accepted": 422,
      "min_per_class": 30,
      "len_median": 16,
      "len_p25": 14,
      "len_p75": 19,
      "n_T12": 24,
      "n_full": 24,
      "dist_T12": {
        "mean": 2.242787319656164,
        "sd": 0.027816748577796247,
        "per_seed": [
          2.2573293478586764,
          2.203861064061934,
          2.2671715470478815
        ]
      },
      "char_T12": {
        "mean": 0.46694240984424046,
        "sd": 0.010466911731762712,
        "per_seed": [
          0.45439261974564404,
          0.4664194053531183,
          0.48001520443395895
        ]
      },
      "char_full": {
        "mean": 0.7162894404929093,
        "sd": 0.07447065966126162,
        "per_seed": [
          0.6279392247725384,
          0.7108208351338146,
          0.8101082615723749
        ]
      }
    }
  }
}