{
  "e2_within_sustained": [
    0.07698925023247982,
    0.053368236755735765,
    0.0220693437760211
  ],
  "e2_within_alt": [
    0.06280812908363753,
    0.03567908106148643,
    0.02642380301024705
  ],
  "e2_transfer": [
    -0.31556322386883284,
    0.034198882772413786,
    0.012720722356764913
  ],
  "e5_maintained_dist12": [
    0.008735628784439786,
    0.008403261642554671,
    0.014148460465979174
  ],
  "e2_sustained_char_full": [
    0.002,
    0.002
  ],
  "e2_sustained_acceptance": 0.86
}