{
 "run": "official adapter confirmation of the 70B faithful-template re-score",
 "records_source": "runs/rescore_llama70b/rescore_lr_records.json",
 "adapter": "analysis/confirm_rescore.py",
 "calibrator": "lr_reader_offline.evaluate_cell (certified; same function object)",
 "concepts": [
  "anger",
  "celebration",
  "curiosity",
  "debugging",
  "deception",
  "fear",
  "loneliness",
  "obedience",
  "ocean",
  "security",
  "silence",
  "warmth"
 ],
 "H_bits": 3.584962500721156,
 "expected_review_path": {
  "secret_word": -0.011,
  "secret_sustain": 0.244,
  "evoked": 0.143
 },
 "tolerance": 0.01,
 "arms": {
  "secret_word": {
   "n_kept": 271,
   "n_dropped": 0,
   "calibrated": {
    "bits_mean": -0.01082632390541911,
    "bits_sd": 0.017794889529185103,
    "top1_mean": 0.0896174863387978,
    "top1_sd": 0.010135102180869621,
    "top1_full": 0.0996309963099631,
    "tau_median": 16.27093863381524,
    "n": 271,
    "n_per_concept": {
     "0": 22,
     "1": 24,
     "2": 24,
     "3": 24,
     "4": 19,
     "5": 18,
     "6": 24,
     "7": 23,
     "8": 24,
     "9": 22,
     "10": 24,
     "11": 23
    },
    "min_eval_per_concept": 12
   },
   "expected": -0.011,
   "abs_delta_vs_review_path": 0.00017367609458088934,
   "within_tolerance": true
  },
  "secret_sustain": {
   "n_kept": 278,
   "n_dropped": 0,
   "calibrated": {
    "bits_mean": 0.24372314213222385,
    "bits_sd": 0.03172398866400619,
    "top1_mean": 0.16096256684491977,
    "top1_sd": 0.015764067350784675,
    "top1_full": 0.1618705035971223,
    "tau_median": 3.981071705534973,
    "n": 278,
    "n_per_concept": {
     "0": 17,
     "1": 24,
     "2": 24,
     "3": 24,
     "4": 24,
     "5": 24,
     "6": 24,
     "7": 24,
     "8": 23,
     "9": 22,
     "10": 24,
     "11": 24
    },
    "min_eval_per_concept": 12
   },
   "expected": 0.244,
   "abs_delta_vs_review_path": 0.00027685786777614796,
   "within_tolerance": true
  },
  "evoked": {
   "n_kept": 254,
   "n_dropped": 0,
   "calibrated": {
    "bits_mean": 0.1430455873601319,
    "bits_sd": 0.036925430389552295,
    "top1_mean": 0.15174418604651163,
    "top1_sd": 0.016739744242892988,
    "top1_full": 0.16141732283464566,
    "tau_median": 5.011872336272725,
    "n": 254,
    "n_per_concept": {
     "0": 23,
     "1": 17,
     "2": 24,
     "3": 24,
     "4": 24,
     "5": 24,
     "6": 22,
     "7": 16,
     "8": 12,
     "9": 24,
     "10": 21,
     "11": 23
    },
    "min_eval_per_concept": 8
   },
   "expected": 0.143,
   "abs_delta_vs_review_path": 4.5587360131910115e-05,
   "within_tolerance": true
  }
 },
 "confirmed": true
}