{
 "slug": "qwen2.5-1.5b",
 "chance": 0.08333333333333333,
 "H_bits": 3.584962500721156,
 "cells": {
  "evokedxA": {
   "bits_mean": 0.5899892954218495,
   "bits_sd": 0.03148109958066235,
   "top1_mean": 0.29621848739495793,
   "top1_sd": 0.00934814935348192,
   "top1_full": 0.2913719943422914,
   "tau_median": 1.584893192461114,
   "n": 707,
   "n_per_concept": {
    "0": 63,
    "1": 55,
    "2": 62,
    "3": 58,
    "4": 59,
    "5": 61,
    "6": 59,
    "7": 60,
    "8": 55,
    "9": 60,
    "10": 56,
    "11": 59
   },
   "min_eval_per_concept": 37,
   "matched_pt_median": 0.024847030639648438,
   "mismatched_pt_median": 0.0008339881896972656
  },
  "evokedxB": {
   "bits_mean": 0.17602727606007723,
   "bits_sd": 0.01592744694219859,
   "top1_mean": 0.16449579831932773,
   "top1_sd": 0.011158211533520588,
   "top1_full": 0.16548797736916548,
   "tau_median": 2.5118864315095824,
   "n": 707,
   "n_per_concept": {
    "0": 63,
    "1": 55,
    "2": 62,
    "3": 58,
    "4": 59,
    "5": 61,
    "6": 59,
    "7": 60,
    "8": 55,
    "9": 60,
    "10": 56,
    "11": 59
   },
   "min_eval_per_concept": 37,
   "matched_pt_median": 0.011835098266601562,
   "mismatched_pt_median": -0.0004229545593261719
  },
  "evoked_altxA": {
   "bits_mean": 0.16672472173143865,
   "bits_sd": 0.02051228707980466,
   "top1_mean": 0.18683651804670914,
   "top1_sd": 0.007476355355269227,
   "top1_full": 0.18741058655221746,
   "tau_median": 2.5118864315095824,
   "n": 699,
   "n_per_concept": {
    "0": 54,
    "1": 59,
    "2": 62,
    "3": 57,
    "4": 61,
    "5": 56,
    "6": 59,
    "7": 59,
    "8": 58,
    "9": 60,
    "10": 55,
    "11": 59
   },
   "min_eval_per_concept": 36,
   "matched_pt_median": 0.011510063620174633,
   "mismatched_pt_median": -0.0004317760467529297
  },
  "evoked_altxB": {
   "bits_mean": 0.565303396838419,
   "bits_sd": 0.02197044352675929,
   "top1_mean": 0.27452229299363057,
   "top1_sd": 0.009305565605439966,
   "top1_full": 0.27896995708154504,
   "tau_median": 1.2589254117941675,
   "n": 699,
   "n_per_concept": {
    "0": 54,
    "1": 59,
    "2": 62,
    "3": 57,
    "4": 61,
    "5": 56,
    "6": 59,
    "7": 59,
    "8": 58,
    "9": 60,
    "10": 55,
    "11": 59
   },
   "min_eval_per_concept": 36,
   "matched_pt_median": 0.019030094146728516,
   "mismatched_pt_median": -0.00023031234741210938
  },
  "injectedxA": {
   "bits_mean": 0.0019326636581002976,
   "bits_sd": 0.0024145240651039595,
   "top1_mean": 0.1047945205479452,
   "top1_sd": 0.007534246575342466,
   "top1_full": 0.10344827586206896,
   "tau_median": 35.71674682851676,
   "n": 435,
   "n_per_concept": {
    "0": 39,
    "1": 39,
    "2": 39,
    "3": 36,
    "4": 44,
    "5": 31,
    "6": 36,
    "7": 33,
    "8": 37,
    "9": 31,
    "10": 39,
    "11": 31
   },
   "min_eval_per_concept": 21,
   "matched_pt_median": -0.013530254364013672,
   "mismatched_pt_median": -0.015433788299560547
  },
  "injectedxB": {
   "bits_mean": -0.0007457644388364937,
   "bits_sd": 0.0015536038619082004,
   "top1_mean": 0.09178082191780822,
   "top1_sd": 0.006984958237798335,
   "top1_full": 0.0896551724137931,
   "tau_median": 555.2780003705601,
   "n": 435,
   "n_per_concept": {
    "0": 39,
    "1": 39,
    "2": 39,
    "3": 36,
    "4": 44,
    "5": 31,
    "6": 36,
    "7": 33,
    "8": 37,
    "9": 31,
    "10": 39,
    "11": 31
   },
   "min_eval_per_concept": 21,
   "matched_pt_median": -0.011725425720214844,
   "mismatched_pt_median": -0.01166391372680664
  }
 },
 "gates": {
  "threshold": 0.02,
  "evokedA_matched_pt": 0.024847030639648438,
  "evokedA_mismatched_pt": 0.0008339881896972656,
  "neutral_streams": {
   "evokedxA": {
    "median": -0.019405772288640342,
    "n": 58,
    "passed": true
   },
   "evokedxB": {
    "median": -0.03455561620217783,
    "n": 58,
    "passed": false
   },
   "evoked_altxA": {
    "median": -0.012507618892760503,
    "n": 62,
    "passed": true
   },
   "evoked_altxB": {
    "median": -0.017397860685984295,
    "n": 62,
    "passed": true
   }
  },
  "mismatched_centering": {
   "evokedxA": {
    "median": 0.0008339881896972656,
    "passed": true
   },
   "evokedxB": {
    "median": -0.0004229545593261719,
    "passed": true
   },
   "evoked_altxA": {
    "median": -0.0004317760467529297,
    "passed": true
   },
   "evoked_altxB": {
    "median": -0.00023031234741210938,
    "passed": true
   },
   "injectedxA": {
    "median": -0.015433788299560547,
    "passed": true
   },
   "injectedxB": {
    "median": -0.01166391372680664,
    "passed": true
   }
  },
  "all_passed": false
 },
 "eos_termination_rates": {
  "injected": {
   "rate": 0.432183908045977,
   "n": 435
  },
  "evoked": {
   "rate": 0.661437908496732,
   "n": 765
  },
  "evoked_alt": {
   "rate": 0.5650459921156373,
   "n": 761
  }
 },
 "named_calls": {
  "matt": {
   "call": "even the injected streams are more likely under the relevant natural and paraphrase personas",
   "rule": "injected xA and xB: bits > 0.1 AND top-1 > 8.3%",
   "verdict": "wrong"
  },
  "assistant": {
   "call": "positive but small on injected x matching -- bits in (0.05, 0.5), well below evoked x A; evoked x B stays wording-tied-low (< 0.15 bits calibrated)",
   "rule": "(a) injected cells bits in (0.05,0.5) and <= half of evoked x A; (b) evoked x B < 0.15 bits",
   "a_passed": false,
   "b_passed": false,
   "verdict": "wrong"
  }
 }
}