{
  "slug": "qwen2.5-14b",
  "strength": 0,
  "pool": 448,
  "T": 12,
  "observed_true_labels_seed0": -0.1404437015086506,
  "null_per_shuffle": [
    -0.029892669681539363,
    -0.0016744099000121082,
    -0.017503744953196954,
    -0.02517155749846145,
    -0.1262542342337718,
    -0.0028764341815135097,
    -0.14641927954942302,
    -0.05845531217731592,
    -0.14087803067209137,
    -0.13761087489271562,
    -0.12117812579809817,
    -0.01865029691121478,
    -0.022679253434900737,
    -0.1296538377599199,
    -0.00875813968940431,
    -0.007348007251462008,
    0.026797868409468073,
    -0.060715172560644515,
    -0.14051396393317717,
    -0.015169799108628812
  ],
  "null_mean": -0.05923026378890117,
  "null_sd": 0.058363164159984646,
  "null_p5": -0.14115509311595795,
  "null_p95": -0.00025079598453807894,
  "observed_inside_null_band": true
}