{
  "question": "do the E1/E3 positive dist@T12 cells exceed their own-pool >=20-shuffle label-permutation null p95 (confound prereg shared gate)?",
  "protocol": "perm_null_check.cell_bits (dose_titration reader path), mode=dist, budget=T12, common-N 24/class, seed 0, 20 shuffles/cell",
  "cells": {
    "confound-e1_s12": {
      "run": "confound-e1",
      "strength": 12,
      "pool": 431,
      "mode": "dist",
      "budget": 12,
      "observed_true_labels_seed0": 0.13854555595504348,
      "null_per_shuffle": [
        -0.0008098613312172986,
        -0.012753816409651453,
        -0.027663403775921136,
        0.030141508822989937,
        -0.0152059913488789,
        -0.001836219526943239,
        0.02089182662216338,
        -0.03462681859458305,
        -0.017401105899323532,
        -0.020409703649924005,
        -0.010438632791173408,
        -0.017549852256176113,
        -0.017560543959859842,
        -0.010665001665680851,
        -0.034340592573402606,
        -0.01397567327180882,
        -0.03676119297271496,
        -0.019600283927425632,
        -0.00263029605266496,
        -0.029538531950954905
      ],
      "null_mean": -0.01363670932565757,
      "null_sd": 0.016637306779767925,
      "null_p95": 0.021354310732204715,
      "exceeds_null_p95": true
    },
    "confound-e1_s20": {
      "run": "confound-e1",
      "strength": 20,
      "pool": 421,
      "mode": "dist",
      "budget": 12,
      "observed_true_labels_seed0": 0.6935221966930669,
      "null_per_shuffle": [
        -0.004669870970987144,
        -0.01673238000523014,
        -0.027734698744730224,
        -0.015473133616701773,
        -0.0034927368868959974,
        -0.030177502269412404,
        -0.014957656917667261,
        -0.010452294806202023,
        -0.007151458864950833,
        -0.006371670726486478,
        -0.02635467825470128,
        -0.002545409809480592,
        0.0024541674003857317,
        -0.020490808484405765,
        0.021131575968011962,
        0.0009712650057611683,
        -0.03154260572909706,
        -0.032885011881770065,
        0.015809649134347126,
        0.003323135417211631
      ],
      "null_mean": -0.01036710625215007,
      "null_sd": 0.014866501890371529,
      "null_p95": 0.01607574547603037,
      "exceeds_null_p95": true
    },
    "confound-e3_s40": {
      "run": "confound-e3",
      "strength": 40,
      "pool": 427,
      "mode": "dist",
      "budget": 12,
      "observed_true_labels_seed0": 0.20009300894671256,
      "null_per_shuffle": [
        -0.014202231640173757,
        -0.00628328742103168,
        -0.014557328537188052,
        -0.02289756217653771,
        -0.014910516432960819,
        -0.030799042501190144,
        0.002399451896804461,
        -0.01410292067234531,
        -0.011178329310236546,
        -0.018867153382333246,
        -0.022974220149174496,
        -0.01621817687429994,
        -0.009748510913248243,
        -0.0267777225470911,
        -0.013239071620161802,
        -0.00964156534359617,
        0.003506305506341345,
        0.006818497679302649,
        -0.01701549390856938,
        -0.0106307368059122
      ],
      "null_mean": -0.013065980757680107,
      "null_sd": 0.009359384063614213,
      "null_p95": 0.0036719151149894125,
      "exceeds_null_p95": true
    },
    "confound-e3_s60": {
      "run": "confound-e3",
      "strength": 60,
      "pool": 447,
      "mode": "dist",
      "budget": 12,
      "observed_true_labels_seed0": 0.7393392978393711,
      "null_per_shuffle": [
        -0.039401555716648495,
        -0.024411562534364162,
        -0.0061629444255193455,
        -0.02316460589242686,
        -0.014905915784340973,
        -0.047857815258355973,
        -0.04829858181769309,
        -0.030305017390883204,
        -0.06556111495478545,
        -0.03910361095406012,
        -0.0716565669177629,
        -0.01677506784217586,
        -0.002396468835021537,
        -0.012985777409797894,
        -0.008225771635040235,
        -0.03773317758635519,
        -0.014449482277163916,
        -0.027876879392231046,
        -0.020334582906200716,
        -0.05443019768955448
      ],
      "null_mean": -0.03030183486101907,
      "null_sd": 0.019227539599426583,
      "null_p95": -0.005974620645994452,
      "exceeds_null_p95": true
    }
  }
}