{
  "slug": "qwen2.5-7b",
  "strength": 0,
  "pool": 441,
  "T": 12,
  "observed_true_labels_seed0": -0.3091226987408682,
  "null_per_shuffle": [
    -0.2517884228682683,
    -0.3441852729254471,
    -0.38228664757803443,
    -0.34429333688372354,
    -0.16059627491635098,
    -0.15386289529921715,
    -0.27962549155536376,
    -0.12877976443399763,
    -0.325998970475764,
    -0.4726218319559008,
    -0.5458500288954315,
    -0.45164951404269704,
    -0.3038301367058196,
    -0.20171813911546588,
    -0.3234924012003204,
    -0.531962875935478,
    -0.24049963580048583,
    -0.4171642543072025,
    -0.3565844876965345,
    -0.2353446986626837
  ],
  "null_mean": -0.32260675406270933,
  "null_sd": 0.11745337535776121,
  "null_p5": -0.5326572335834756,
  "null_p95": -0.15260873875595615,
  "observed_inside_null_band": true
}