{
  "slug": "qwen2.5-14b",
  "strength": 101,
  "pool": 426,
  "mode": "char",
  "budget": 100000,
  "T": 12,
  "observed_true_labels_seed0": 1.3588060002169562,
  "null_per_shuffle": [
    -0.029904212570679878,
    -0.017518470222804172,
    -0.011820015113974236,
    0.008992582866349075,
    -0.0008217883177734642,
    -0.018770321007141266,
    -0.020698771570220487,
    -0.03644874695689415,
    -0.0077854451185892515,
    -0.02188743641540114,
    -0.011604072007849187,
    0.0033651033477588577,
    -0.016307198997151495,
    0.004826864438915113,
    -0.004507928748593848,
    -0.03373557134501448,
    -0.00029823821542684925,
    -0.01272320548500483,
    -0.011568914736309832,
    -0.003979223151155953
  ],
  "null_mean": -0.012159750466348073,
  "null_sd": 0.012287037662528068,
  "null_p5": -0.03387123012560846,
  "null_p95": 0.005035150360286814,
  "observed_inside_null_band": false
}