{
  "slug": "qwen2.5-14b",
  "strength": 101,
  "pool": 426,
  "mode": "dist",
  "budget": 12,
  "T": 12,
  "observed_true_labels_seed0": 2.0596526907397497,
  "null_per_shuffle": [
    -0.009469152017483662,
    -0.024312480116939206,
    -0.005639654665817062,
    -0.026648333893668497,
    -0.02771205427726775,
    -0.007542079420791659,
    -0.003813945376602401,
    -0.01596346677635463,
    -0.007424554460296218,
    -0.015365714513506212,
    -0.020973933222051322,
    0.0035742807245049413,
    -0.019626099082577397,
    -0.009432944987062708,
    -0.022118380385991454,
    -0.01942542507075773,
    -0.010699491711343878,
    -0.014443676357934976,
    -0.00914929512344731,
    -0.01806147057749019
  ],
  "null_mean": -0.014212393565643966,
  "null_sd": 0.008045954159963235,
  "null_p5": -0.02670151991284846,
  "null_p95": -0.0034445340715470287,
  "observed_inside_null_band": false
}